City_ID,City,Country,Date,Lat,Lng,Max Temp,Humidity,Cloudiness,Wind Speed
0,Rikitea,PF,2021-07-13 20:42:36,-23.1203,-134.9692,74.1,73,6,13.71
1,Ushuaia,AR,2021-07-13 20:42:37,-54.8,-68.3,35.26,80,75,6.91
2,Broken Hill,AU,2021-07-13 20:42:37,-31.95,141.4333,60.51,41,40,14.97
3,Busselton,AU,2021-07-13 20:42:37,-33.65,115.3333,49.05,81,42,15.59
4,Shache,CN,2021-07-13 20:42:38,38.4167,77.2406,76.73,32,100,7.34
5,Yellowknife,CA,2021-07-13 20:42:38,62.456,-114.3525,74.28,40,20,1.99
6,Sur,OM,2021-07-13 20:37:47,22.5667,59.5289,85.17,73,100,11.1
7,Castro,BR,2021-07-13 20:42:39,-24.7911,-50.0119,58.46,65,14,2.57
8,Esterhazy,CA,2021-07-13 20:42:39,50.65,-102.0843,81.45,38,42,4.56
9,Udachnyy,RU,2021-07-13 20:42:39,66.4167,112.4,52.18,87,98,13.18
10,Avarua,CK,2021-07-13 20:42:40,-21.2078,-159.775,78.85,69,40,10.36
11,Atuona,PF,2021-07-13 20:42:40,-9.8,-139.0333,77.95,66,3,22.59
12,Victoria,HK,2021-07-13 20:39:49,22.2855,114.1577,86.32,81,59,1.01
13,Ribeira Grande,PT,2021-07-13 20:42:41,38.5167,-28.7,72.0,78,40,16.11
14,Bengkulu,ID,2021-07-13 20:42:41,-3.8004,102.2655,76.51,65,100,7.29
15,Sao Filipe,CV,2021-07-13 20:42:42,14.8961,-24.4956,73.83,84,100,3.89
16,Puerto Ayora,EC,2021-07-13 20:42:42,-0.7393,-90.3518,80.56,81,50,9.84
17,Souillac,MU,2021-07-13 20:42:43,-20.5167,57.5167,70.18,64,40,11.5
18,Vestmanna,FO,2021-07-13 20:42:43,62.1564,-7.1664,49.12,100,90,10.36
19,Murzzuschlag,AT,2021-07-13 20:42:43,47.6,15.6833,72.86,67,76,3.76
20,Barra Patuca,HN,2021-07-13 20:42:44,15.8,-84.2833,81.18,87,100,13.6
21,Deputatskiy,RU,2021-07-13 20:42:44,69.3,139.9,50.2,71,100,3.98
22,Hasaki,JP,2021-07-13 20:42:45,35.7333,140.8333,72.28,87,97,12.8
23,Meulaboh,ID,2021-07-13 20:42:45,4.1363,96.1285,76.21,86,100,4.29
24,Atar,MR,2021-07-13 20:42:46,20.5169,-13.0499,99.43,16,67,7.14
25,Fortuna,US,2021-07-13 20:42:46,40.5982,-124.1573,97.48,88,90,14.97
26,Ranikhet,IN,2021-07-13 20:42:47,29.65,79.4167,63.5,81,100,3.47
27,Saint George,US,2021-07-13 20:42:47,37.1041,-113.5841,105.8,21,1,1.99
28,Naze,JP,2021-07-13 20:42:47,28.3667,129.4833,78.39,85,100,5.68
29,Kapaa,US,2021-07-13 20:38:03,22.0752,-159.319,82.72,78,75,3.0
30,Daniel Flores,CR,2021-07-13 20:42:48,9.3355,-83.6694,83.77,85,99,2.06
31,Carnarvon,AU,2021-07-13 20:42:48,-24.8667,113.6333,59.07,60,75,4.61
32,Kodiak,US,2021-07-13 20:42:49,57.79,-152.4072,54.91,88,90,9.22
33,Geraldton,AU,2021-07-13 20:42:49,-28.7667,114.6,61.21,72,90,14.97
34,Mataura,NZ,2021-07-13 20:42:44,-46.1927,168.8643,32.58,88,60,4.7
35,Chokurdakh,RU,2021-07-13 20:42:50,70.6333,147.9167,45.82,58,62,13.27
36,Taga,RO,2021-07-13 20:42:50,46.95,24.05,70.32,65,0,3.2
37,San Patricio,US,2021-07-13 20:42:50,28.017,-97.5169,88.88,57,99,12.57
38,Cape Town,ZA,2021-07-13 20:38:16,-33.9258,18.4232,48.11,92,20,8.05
39,Port-Gentil,GA,2021-07-13 20:42:51,-0.7193,8.7815,75.16,88,20,6.91
40,Khatanga,RU,2021-07-13 20:42:51,71.9667,102.5,38.98,80,100,16.37
41,Lompoc,US,2021-07-13 20:39:19,34.6391,-120.4579,90.7,70,1,14.97
42,Kruisfontein,ZA,2021-07-13 20:42:52,-34.0033,24.7314,45.88,78,61,14.43
43,Ndele,CF,2021-07-13 20:42:52,8.4109,20.6473,69.89,96,52,0.56
44,Santa Rosalia,MX,2021-07-13 20:42:53,27.3167,-112.2833,87.64,55,1,10.2
45,Katobu,ID,2021-07-13 20:42:53,-4.9408,122.5276,73.35,90,97,2.48
46,Alyangula,AU,2021-07-13 20:42:54,-13.8483,136.4192,67.87,88,56,0.0
47,Saldanha,ZA,2021-07-13 20:42:54,-33.0117,17.9442,44.65,70,36,3.0
48,Jamestown,US,2021-07-13 20:40:03,42.097,-79.2353,85.59,65,75,11.5
49,Nouakchott,MR,2021-07-13 20:42:54,18.0858,-15.9785,78.73,84,35,17.4
50,Aykhal,RU,2021-07-13 20:42:55,66.0,111.5,49.37,90,99,9.28
51,Vanderhoof,CA,2021-07-13 20:42:55,54.0166,-124.0198,85.84,28,16,4.76
52,Lagoa,PT,2021-07-13 20:42:56,39.05,-27.9833,68.27,81,99,14.67
53,Talnakh,RU,2021-07-13 20:42:56,69.4865,88.3972,39.36,71,87,4.12
54,San Cristobal,VE,2021-07-13 20:42:57,7.7669,-72.225,78.98,77,90,4.63
55,Bredasdorp,ZA,2021-07-13 20:42:57,-34.5322,20.0403,45.72,81,43,8.05
56,Puerto Madryn,AR,2021-07-13 20:42:57,-42.7692,-65.0385,51.22,46,15,6.55
57,Punta Arenas,CL,2021-07-13 20:42:58,-53.15,-70.9167,39.22,75,0,6.91
58,Beringovskiy,RU,2021-07-13 20:42:58,63.05,179.3167,57.9,75,85,3.8
59,Saint-Philippe,RE,2021-07-13 20:42:59,-21.3585,55.7679,69.39,77,18,10.02
60,Ancud,CL,2021-07-13 20:42:59,-41.8697,-73.8203,49.53,79,100,7.45
61,Lahaina,US,2021-07-13 20:42:59,20.8783,-156.6825,84.2,74,5,7.83
62,Port Alfred,ZA,2021-07-13 20:42:41,-33.5906,26.891,52.36,71,100,21.03
63,Shimoda,JP,2021-07-13 20:43:00,34.6667,138.95,74.1,87,96,7.23
64,Lai,TD,2021-07-13 20:43:00,9.3952,16.2989,76.1,76,80,0.25
65,Mufumbwe,ZM,2021-07-13 20:43:01,-13.6833,24.8,63.14,42,77,3.44
66,Codrington,AU,2021-07-13 20:43:01,-38.2667,141.9667,50.2,91,100,17.27
67,Evensk,RU,2021-07-13 20:43:02,61.95,159.2333,50.79,93,97,3.74
68,Ilulissat,GL,2021-07-13 20:43:02,69.2167,-51.1,51.82,76,75,21.85
69,Dikson,RU,2021-07-13 20:43:02,73.5069,80.5464,35.83,91,100,9.82
70,Mount Gambier,AU,2021-07-13 20:43:03,-37.8333,140.7667,49.91,87,90,12.66
71,Rocha,UY,2021-07-13 20:43:03,-34.4833,-54.3333,53.65,88,100,7.83
72,Antalaha,MG,2021-07-13 20:43:04,-14.9003,50.2788,67.8,88,39,6.67
73,Bluff,NZ,2021-07-13 20:43:04,-46.6,168.3333,42.76,80,97,17.54
74,Airai,TL,2021-07-13 20:43:05,-8.9266,125.4092,53.98,88,96,3.27
75,Alekseyevsk,RU,2021-07-13 20:43:05,57.8406,108.3492,60.55,71,100,4.45
76,Hermanus,ZA,2021-07-13 20:43:05,-34.4187,19.2345,47.89,73,43,8.99
77,Chapleau,CA,2021-07-13 20:42:13,47.8405,-83.4034,66.29,100,90,3.44
78,Nauta,PE,2021-07-13 20:43:06,-4.5061,-73.5757,77.58,90,89,3.24
79,Padang,ID,2021-07-13 20:43:07,-0.9492,100.3543,75.67,61,96,3.69
80,Leningradskiy,RU,2021-07-13 20:43:07,69.3833,178.4167,43.52,87,61,11.95
81,Iqaluit,CA,2021-07-13 20:43:07,63.7506,-68.5145,53.33,81,75,0.0
82,Tiksi,RU,2021-07-13 20:43:08,71.6872,128.8694,56.35,73,98,11.61
83,Channel-Port Aux Basques,CA,2021-07-13 20:43:08,47.5702,-59.1367,60.57,66,0,11.79
84,Chimbote,PE,2021-07-13 20:43:09,-9.0853,-78.5783,68.29,72,64,13.04
85,Bonthe,SL,2021-07-13 20:43:09,7.5264,-12.505,76.21,88,100,8.3
86,New Norfolk,AU,2021-07-13 20:43:09,-42.7826,147.0587,46.92,87,100,1.81
87,Lebu,CL,2021-07-13 20:43:10,-37.6167,-73.65,49.87,79,1,15.55
88,Umm Lajj,SA,2021-07-13 20:43:10,25.0213,37.2685,86.56,56,34,7.49
89,Boa Vista,BR,2021-07-13 20:43:11,2.8197,-60.6733,84.18,70,75,1.14
90,Barrow,US,2021-07-13 20:43:11,71.2906,-156.7887,33.82,86,90,10.36
91,Maricka,BA,2021-07-13 20:43:11,44.8686,16.8406,78.22,42,97,3.74
92,Isangel,VU,2021-07-13 20:43:13,-19.55,169.2667,71.38,78,93,17.09
93,Kavieng,PG,2021-07-13 20:43:13,-2.5744,150.7967,82.65,76,52,16.24
94,Qaqortoq,GL,2021-07-13 20:43:14,60.7167,-46.0333,59.5,79,50,3.0
95,Sterling,US,2021-07-13 20:40:16,39.0062,-77.4286,95.99,49,75,1.99
96,Sonoita,MX,2021-07-13 20:43:14,31.85,-112.8333,103.53,26,76,8.9
97,Adrar,MR,2021-07-13 20:43:14,20.5022,-10.0711,96.78,19,28,7.16
98,Cherskiy,RU,2021-07-13 20:43:15,68.75,161.3,42.08,76,100,5.14
99,Nishihara,JP,2021-07-13 20:43:15,26.1842,127.7558,81.68,86,20,6.91
100,Qaanaaq,GL,2021-07-13 20:43:16,77.484,-69.3632,41.2,80,100,8.39
101,Chuy,UY,2021-07-13 20:43:16,-33.6971,-53.4616,57.07,95,100,11.81
102,Lodwar,KE,2021-07-13 20:43:17,3.1191,35.5973,84.52,42,99,10.69
103,Havre-Saint-Pierre,CA,2021-07-13 20:43:17,50.2334,-63.5986,72.19,52,1,14.97
104,Butaritari,KI,2021-07-13 20:43:17,3.0707,172.7902,83.39,74,55,12.3
105,Makaryev,RU,2021-07-13 20:43:18,57.8797,43.8069,66.27,72,34,0.58
106,Dong Hoi,VN,2021-07-13 20:43:18,17.4833,106.6,79.45,85,70,2.53
107,Tuktoyaktuk,CA,2021-07-13 20:43:19,69.4541,-133.0374,48.2,93,90,14.97
108,Sioux Lookout,CA,2021-07-13 20:42:38,50.1001,-91.917,77.38,50,90,10.36
109,Sagaing,MM,2021-07-13 20:43:19,21.8787,95.9797,81.97,72,12,9.37
110,Vaini,TO,2021-07-13 20:43:20,-21.2,-175.2,77.16,88,75,4.61
111,Mirnyy,RU,2021-07-13 20:43:20,62.5353,113.9611,60.49,82,10,3.02
112,Cockburn Town,TC,2021-07-13 20:43:20,21.4612,-71.1419,85.96,66,75,16.11
113,Asau,RO,2021-07-13 20:43:21,46.4333,26.4,69.4,94,27,2.77
114,Preston,GB,2021-07-13 20:43:21,53.7667,-2.7167,65.25,77,9,5.84
115,Kavaje,AL,2021-07-13 20:43:22,41.1856,19.5569,78.96,58,0,5.64
116,Harstad,NO,2021-07-13 20:43:22,68.799,16.5293,54.59,100,97,9.01
117,Mahebourg,MU,2021-07-13 20:43:22,-20.4081,57.7,70.09,64,40,11.5
118,Elat,IL,2021-07-13 20:43:23,29.5581,34.9482,94.84,41,0,14.97
119,Kelso,US,2021-07-13 20:43:23,46.1468,-122.9084,92.88,56,1,3.44
120,Tautira,PF,2021-07-13 20:43:20,-17.7333,-149.15,80.62,80,29,21.74
121,Petropavlovsk-Kamchatskiy,RU,2021-07-13 20:40:32,53.0452,158.6483,64.99,77,0,4.47
122,Yeniseysk,RU,2021-07-13 20:43:24,58.4497,92.1703,56.48,62,39,4.12
123,Jiaonan,CN,2021-07-13 20:43:24,35.8786,119.9753,80.62,96,2,7.65
124,Cidreira,BR,2021-07-13 20:43:25,-30.1811,-50.2056,65.84,76,100,2.66
125,Ostrovnoy,RU,2021-07-13 20:43:25,68.0531,39.5131,47.97,92,75,2.73
126,Xihe,CN,2021-07-13 20:43:25,31.6864,113.4659,78.26,88,15,10.45
127,Coihaique,CL,2021-07-13 20:43:26,-45.5752,-72.0662,45.21,76,75,6.91
128,Yinchuan,CN,2021-07-13 20:43:26,38.4681,106.2731,84.24,27,18,1.88
129,Los Llanos De Aridane,ES,2021-07-13 20:43:27,28.6585,-17.9182,67.75,83,75,17.27
130,Ketchikan,US,2021-07-13 20:43:27,55.3422,-131.6461,59.47,94,90,9.22
131,Albany,US,2021-07-13 20:38:36,42.6001,-73.9662,80.53,83,98,11.56
132,Hilo,US,2021-07-13 20:39:57,19.7297,-155.09,82.8,74,90,6.91
133,Pingzhuang,CN,2021-07-13 20:43:28,42.0372,119.2889,71.19,95,100,7.99
134,Hobart,AU,2021-07-13 20:41:04,-42.8794,147.3294,47.26,93,75,0.0
135,Saint-Augustin,CA,2021-07-13 20:43:29,51.226,-58.6502,65.55,55,60,19.08
136,Thompson,CA,2021-07-13 20:42:14,55.7435,-97.8558,69.96,37,40,8.05
137,Pimentel,PE,2021-07-13 20:43:29,-6.8367,-79.9342,73.69,64,20,19.57
138,Georgetown,MY,2021-07-13 20:42:49,5.4112,100.3354,78.89,91,40,1.99
139,Nabire,ID,2021-07-13 20:43:30,-3.3667,135.4833,77.09,85,97,2.77
140,Cabo San Lucas,MX,2021-07-13 20:43:30,22.8909,-109.9124,92.52,68,84,6.46
141,Parasia,IN,2021-07-13 20:43:31,22.2,78.7667,75.27,77,9,4.52
142,Tanabe,JP,2021-07-13 20:43:31,33.7333,135.3667,74.93,87,2,3.36
143,Guerrero Negro,MX,2021-07-13 20:41:13,27.9769,-114.0611,82.42,49,46,13.0
144,Masallatah,LY,2021-07-13 20:43:32,32.6167,14.0,80.83,43,0,12.95
145,Wattegama,LK,2021-07-13 20:43:32,6.7989,81.4808,76.95,73,100,3.15
146,Helong,CN,2021-07-13 20:43:32,42.5397,128.9972,68.65,97,88,3.2
147,Port Elizabeth,ZA,2021-07-13 20:43:33,-33.918,25.5701,48.49,76,75,21.85
148,Paamiut,GL,2021-07-13 20:43:33,61.994,-49.6678,42.58,86,93,10.27
149,Devaprayag,IN,2021-07-13 20:43:34,30.15,78.6167,79.72,80,100,2.75
150,Nouadhibou,MR,2021-07-13 20:43:13,20.931,-17.0347,73.38,83,36,16.11
151,Bougouni,ML,2021-07-13 20:43:34,11.417,-7.479,83.91,56,100,3.67
152,Norman Wells,CA,2021-07-13 20:43:35,65.282,-126.8329,82.44,26,75,5.75
153,Aksu,CN,2021-07-13 20:43:35,41.1231,80.2644,71.87,44,67,3.49
154,Suntar,RU,2021-07-13 20:43:36,62.1444,117.6319,62.46,76,2,3.24
155,Sola,VU,2021-07-13 20:43:36,-13.8833,167.55,80.51,79,88,20.76
156,Tieli,CN,2021-07-13 20:43:36,46.95,128.05,72.48,93,100,6.55
157,Ayorou,NE,2021-07-13 20:43:37,14.7308,0.9174,94.17,39,91,11.77
158,Luderitz,NA,2021-07-13 20:43:37,-26.6481,15.1594,54.57,47,0,15.86
159,Djibo,BF,2021-07-13 20:43:38,14.1022,-1.6306,92.5,41,100,15.48
160,Broome,US,2021-07-13 20:42:42,42.2506,-75.833,83.55,87,75,7.0
161,Port Macquarie,AU,2021-07-13 20:43:38,-31.4333,152.9167,45.37,78,98,6.44
162,Quatre Cocos,MU,2021-07-13 20:43:38,-20.2078,57.7625,69.91,59,19,16.06
163,Vila Franca Do Campo,PT,2021-07-13 20:43:39,37.7167,-25.4333,70.21,80,54,8.7
164,Nemuro,JP,2021-07-13 20:43:39,43.3236,145.575,57.07,96,5,6.53
165,Hithadhoo,MV,2021-07-13 20:43:40,-0.6,73.0833,81.54,73,12,4.25
166,Plouzane,FR,2021-07-13 20:43:40,48.3833,-4.6167,60.89,94,90,11.5
167,Kaitangata,NZ,2021-07-13 20:43:40,-46.2817,169.8464,38.93,79,97,6.35
168,Rawah,IQ,2021-07-13 20:43:41,34.4816,41.9093,95.49,21,0,19.93
169,Camacha,PT,2021-07-13 20:43:41,33.0833,-16.3333,66.96,73,75,10.36
170,Dunedin,NZ,2021-07-13 20:39:07,-45.8742,170.5036,40.8,80,90,1.99
171,Port Lincoln,AU,2021-07-13 20:43:42,-34.7333,135.8667,55.62,83,53,12.15
172,Cayenne,GF,2021-07-13 20:43:42,4.9333,-52.3333,83.08,82,20,1.99
173,Abu Samrah,SY,2021-07-13 20:43:42,35.3029,37.1841,78.39,51,0,11.54
174,Hamilton,US,2021-07-13 20:38:59,39.1834,-84.5333,82.94,80,1,1.99
175,Bievre,BE,2021-07-13 20:43:43,49.9409,5.0159,61.48,99,100,4.32
176,Kloulklubed,PW,2021-07-13 20:43:43,7.0419,134.2556,77.5,69,98,4.61
177,Hervey Bay,AU,2021-07-13 20:43:44,-25.2986,152.8535,60.04,71,31,3.83
178,Dudinka,RU,2021-07-13 20:43:44,69.4058,86.1778,41.09,65,100,3.47
179,Ulaangom,MN,2021-07-13 20:43:45,49.9811,92.0667,62.26,52,33,1.41
180,Kirkconnel,GB,2021-07-13 20:43:45,55.3856,-3.9984,61.74,95,43,4.03
181,La Ronge,CA,2021-07-13 20:43:45,55.1001,-105.2842,71.85,37,40,4.61
182,Zadar,HR,2021-07-13 20:43:46,44.1197,15.2422,88.65,47,40,5.75
183,Mar Del Plata,AR,2021-07-13 20:40:06,-38.0023,-57.5575,53.24,61,0,8.01
184,Siocon,PH,2021-07-13 20:43:46,7.7061,122.1353,76.59,85,99,2.08
185,Chapada Dos Guimaraes,BR,2021-07-13 20:43:47,-15.4606,-55.7497,85.66,24,0,1.23
186,Aktash,RU,2021-07-13 20:43:47,50.3,87.7333,43.11,71,11,2.93
187,Tasiilaq,GL,2021-07-13 20:43:47,65.6145,-37.6368,48.36,92,82,5.73
188,Mehamn,NO,2021-07-13 20:43:48,71.0357,27.8492,55.35,94,75,6.91
189,Klaksvik,FO,2021-07-13 20:43:48,62.2266,-6.589,50.92,91,99,12.8
190,Shangzhi,CN,2021-07-13 20:43:49,45.2167,127.9667,72.79,90,100,2.77
191,Rosrath,DE,2021-07-13 20:43:49,50.8956,7.1818,69.62,93,40,5.75
192,Marawi,PH,2021-07-13 20:43:50,7.9986,124.2928,64.65,95,89,1.99
193,Ivanteyevka,RU,2021-07-13 20:43:50,55.9711,37.9208,79.43,60,15,3.96
194,Uyuni,BO,2021-07-13 20:43:50,-20.4597,-66.825,51.49,25,37,10.96
195,Gat,IL,2021-07-13 20:43:51,31.61,34.7642,79.81,76,2,3.09
196,East London,ZA,2021-07-13 20:43:51,-33.0153,27.9116,53.02,66,72,22.32
197,Kurumkan,RU,2021-07-13 20:43:52,54.3,110.3,65.34,64,100,8.68
198,Warrenton,ZA,2021-07-13 20:43:52,-28.114,24.8475,32.65,47,0,7.38
199,Camana,PE,2021-07-13 20:43:52,-16.6228,-72.7111,62.74,83,30,6.85
200,Berdigestyakh,RU,2021-07-13 20:43:53,62.0989,126.6992,61.5,62,6,3.49
201,Pag,HR,2021-07-13 20:43:53,44.445,15.0575,81.18,71,94,5.61
202,Martapura,ID,2021-07-13 20:43:54,-3.4167,114.85,75.29,100,90,2.3
203,Cranbrook,CA,2021-07-13 20:43:54,49.4999,-115.7688,87.64,19,20,3.44
204,Bodden Town,KY,2021-07-13 20:43:54,19.2833,-81.25,89.6,73,40,4.0
205,Bytow,PL,2021-07-13 20:43:55,54.1706,17.4919,73.51,80,2,5.57
206,Torbay,CA,2021-07-13 20:43:19,47.6666,-52.7314,58.28,71,20,13.8
207,Skibbereen,IE,2021-07-13 20:43:55,51.55,-9.2667,64.2,91,72,10.02
208,Nsanje,MW,2021-07-13 20:43:56,-16.92,35.262,65.95,84,55,1.36
209,Mount Isa,AU,2021-07-13 20:43:56,-20.7333,139.5,44.37,70,19,0.0
210,Faanui,PF,2021-07-13 20:43:57,-16.4833,-151.75,80.46,69,0,20.33
211,Husavik,IS,2021-07-13 20:43:57,66.0449,-17.3389,60.71,71,99,5.17
212,Loubomo,CG,2021-07-13 20:43:57,-4.1997,12.6739,67.01,84,31,3.8
213,Longyearbyen,SJ,2021-07-13 20:42:47,78.2186,15.6401,40.84,87,75,9.22
214,Lata,PT,2021-07-13 20:43:58,40.1629,-8.3327,61.36,91,0,3.98
215,Kota Bahru,MY,2021-07-13 20:43:58,6.1333,102.2386,75.15,94,40,1.99
216,Pangnirtung,CA,2021-07-13 20:43:59,66.1451,-65.7125,46.4,93,75,13.8
217,Sistranda,NO,2021-07-13 20:43:59,63.7256,8.834,60.76,87,100,13.31
218,Joao Pinheiro,BR,2021-07-13 20:41:07,-17.7425,-46.1725,69.53,38,0,3.62
219,Kamenka,RU,2021-07-13 20:44:00,51.3223,42.7678,67.73,61,0,2.89
220,Eureka,US,2021-07-13 20:44:00,40.8021,-124.1637,97.75,76,31,8.01
221,Smithers,CA,2021-07-13 20:44:00,54.7804,-127.1743,77.32,38,40,4.61
222,Hirara,JP,2021-07-13 20:44:01,24.8,125.2833,84.09,77,71,13.35
223,Severo-Kurilsk,RU,2021-07-13 20:44:01,50.6789,156.125,55.69,92,99,8.75
224,Kearney,US,2021-07-13 20:44:02,40.6995,-99.0815,85.24,57,1,10.36
225,Balykshi,KZ,2021-07-13 20:44:02,47.0667,51.8667,69.8,32,0,6.71
226,Itarema,BR,2021-07-13 20:44:02,-2.9248,-39.9167,79.47,75,42,15.01
227,Jumla,NP,2021-07-13 20:44:03,29.2747,82.1838,61.45,94,100,0.43
228,Marzuq,YE,2021-07-13 20:44:03,14.4,46.4667,80.29,54,100,7.76
229,Portland,US,2021-07-13 20:43:30,45.5234,-122.6762,88.63,46,1,3.44
230,Vega De Alatorre,MX,2021-07-13 20:44:04,20.0333,-96.6333,84.6,68,74,10.56
231,Veternik,RS,2021-07-13 20:44:04,45.2533,19.7594,88.21,30,0,11.59
232,Champasak,LA,2021-07-13 20:44:04,14.75,106.0,72.75,99,100,1.66
233,Rieti,IT,2021-07-13 20:44:05,42.4072,12.8592,72.79,96,58,5.26
234,San Quintin,MX,2021-07-13 20:44:05,30.4833,-115.95,76.53,58,39,10.42
235,Clyde River,CA,2021-07-13 20:41:03,70.4692,-68.5914,46.63,81,75,14.97
236,Gardner,US,2021-07-13 20:41:34,42.5751,-71.9981,67.05,93,90,1.01
237,Thouars,FR,2021-07-13 20:44:06,46.976,-0.2151,64.29,91,84,9.08
238,Sompeta,IN,2021-07-13 20:44:07,18.9333,84.6,80.98,83,76,7.29
239,Maloy,NO,2021-07-13 20:44:07,61.9353,5.1136,72.07,87,100,13.4
240,Katsuura,JP,2021-07-13 20:44:07,35.1333,140.3,76.1,92,40,7.87
241,Chimoio,MZ,2021-07-13 20:44:08,-19.1164,33.4833,67.86,83,40,1.5
242,Muzhi,RU,2021-07-13 20:44:08,65.3667,64.6667,43.38,68,6,6.4
243,College,US,2021-07-13 20:43:17,64.8569,-147.8028,76.59,46,20,8.05
244,Beloha,MG,2021-07-13 20:44:09,-25.1667,45.05,65.55,66,0,4.65
245,Tarakan,ID,2021-07-13 20:44:09,3.3,117.6333,78.51,83,94,5.82
246,Lorengau,PG,2021-07-13 20:44:09,-2.0226,147.2712,82.02,79,69,11.32
247,Vao,NC,2021-07-13 20:44:10,-22.6667,167.4833,66.85,56,6,15.37
248,Arlit,NE,2021-07-13 20:44:10,18.7369,7.3853,96.78,21,96,7.49
249,Aguimes,ES,2021-07-13 20:44:11,27.9054,-15.4461,74.03,44,20,28.77
250,Nikolskoye,RU,2021-07-13 20:44:11,59.7035,30.7861,75.09,78,100,1.83
251,Nizwa,OM,2021-07-13 20:44:12,22.9333,57.5333,84.88,63,100,4.03
252,Namatanai,PG,2021-07-13 20:44:12,-3.6667,152.4333,79.18,81,42,8.3
253,Trincomalee,LK,2021-07-13 20:44:12,8.5711,81.2335,81.03,77,100,19.26
254,Qui Nhon,VN,2021-07-13 20:41:34,13.7667,109.2333,78.26,87,100,4.7
255,Chegdomyn,RU,2021-07-13 20:44:13,51.1167,133.0167,68.25,98,100,3.85
256,Ingham,US,2021-07-13 20:44:13,42.6,-84.3833,75.25,93,75,4.61
257,Quarai,BR,2021-07-13 20:44:14,-30.3875,-56.4514,68.58,73,97,2.66
258,Aracoiaba,BR,2021-07-13 20:44:14,-4.3711,-38.8142,76.42,79,81,5.39
259,Namibe,AO,2021-07-13 20:44:14,-15.1961,12.1522,64.42,83,83,4.36
260,Lagoa Formosa,BR,2021-07-13 20:44:15,-18.7786,-46.4075,72.01,37,0,5.95
261,Pevek,RU,2021-07-13 20:44:15,69.7008,170.3133,39.78,89,98,4.23
262,Nantucket,US,2021-07-13 20:41:52,41.2835,-70.0995,70.03,92,90,9.22
263,Pomichna,UA,2021-07-13 20:44:16,48.2422,31.4158,72.19,69,4,6.06
264,Rize,TR,2021-07-13 20:44:16,40.9044,40.8949,55.24,96,74,1.03
265,Boguchany,RU,2021-07-13 20:44:16,58.3814,97.4531,59.99,83,77,2.8
266,Panguna,PG,2021-07-13 20:44:17,-6.3164,155.4848,70.93,90,16,3.11
267,Kwakoa,TZ,2021-07-13 20:44:17,-3.7667,37.7167,66.33,81,51,3.69
268,Berndorf,AT,2021-07-13 20:44:17,47.9457,16.1097,79.12,76,93,3.29
269,Kapuskasing,CA,2021-07-13 20:44:18,49.4169,-82.4331,75.29,60,75,16.11
270,Clinton,US,2021-07-13 20:39:38,42.587,-82.9199,82.42,79,75,1.01
271,Kavaratti,IN,2021-07-13 20:44:19,10.5669,72.642,82.9,81,100,20.2
272,Praia Da Vitoria,PT,2021-07-13 20:44:19,38.7333,-27.0667,71.85,88,40,9.64
273,Kudahuvadhoo,MV,2021-07-13 20:43:48,2.6708,72.8944,81.28,78,35,7.7
274,Nagato,JP,2021-07-13 20:44:20,34.3833,131.2,78.71,87,42,2.75
275,Mao,ES,2021-07-13 20:44:20,39.8885,4.2658,70.36,64,40,4.61
276,Bakchar,RU,2021-07-13 20:44:21,57.0186,82.0711,58.62,99,75,4.81
277,Aasiaat,GL,2021-07-13 20:44:21,68.7098,-52.8699,39.43,97,100,6.71
278,Price,US,2021-07-13 20:43:00,39.5994,-110.8107,92.71,25,40,0.0
279,Valkeala,FI,2021-07-13 20:44:22,60.9401,26.7979,77.4,53,0,4.61
280,Kstovo,RU,2021-07-13 20:44:22,56.1473,44.1979,70.99,64,43,1.28
281,Cabo Rojo,PR,2021-07-13 20:44:22,18.0866,-67.1457,86.97,77,95,1.99
282,Bilma,NE,2021-07-13 20:44:23,18.6853,12.9164,94.93,24,85,4.52
283,Altay,CN,2021-07-13 20:42:53,47.8667,88.1167,61.93,53,2,5.99
284,Barabai,ID,2021-07-13 20:44:24,-2.5833,115.3833,72.7,98,100,1.61
285,Verkhnevilyuysk,RU,2021-07-13 20:44:24,63.4453,120.3167,63.54,72,12,5.03
286,Killybegs,IE,2021-07-13 20:44:24,54.6333,-8.45,59.45,84,56,3.76
287,Coahuayana,MX,2021-07-13 20:44:25,18.7333,-103.6833,89.2,64,81,5.46
288,Uige,AO,2021-07-13 20:44:25,-7.6087,15.0613,64.44,47,32,3.58
289,Jega,NG,2021-07-13 20:44:26,12.2175,4.3792,84.79,58,90,1.43
290,Am Timan,TD,2021-07-13 20:44:26,11.0297,20.2827,75.07,79,70,3.74
291,Bilibino,RU,2021-07-13 20:44:26,68.0546,166.4372,60.93,72,98,3.87
292,Inuvik,CA,2021-07-13 20:44:27,68.3499,-133.7218,66.96,68,75,14.97
293,Abbeville,FR,2021-07-13 20:44:27,50.1,1.8333,63.5,95,100,6.93
294,Arraial Do Cabo,BR,2021-07-13 20:44:28,-22.9661,-42.0278,75.16,83,0,12.66
295,Seymchan,RU,2021-07-13 20:44:28,62.8833,152.4333,57.96,72,16,4.61
296,Hobyo,SO,2021-07-13 20:44:29,5.3505,48.5268,78.28,78,99,24.34
297,Harlow,GB,2021-07-13 20:44:29,51.7766,0.1116,66.4,83,40,5.75
298,Aberdeen,GB,2021-07-13 20:41:06,57.1437,-2.0981,60.21,91,75,10.36
299,Upernavik,GL,2021-07-13 20:44:29,72.7868,-56.1549,41.0,90,100,3.09
300,Trelew,AR,2021-07-13 20:44:30,-43.249,-65.3051,49.8,43,8,6.53
301,Tonantins,BR,2021-07-13 20:44:30,-2.8731,-67.8022,81.73,82,28,3.24
302,Turbat,PK,2021-07-13 20:44:31,26.0023,63.044,85.95,71,100,5.46
303,Ponta Do Sol,PT,2021-07-13 20:44:31,32.6667,-17.1,72.72,82,4,7.31
304,Casma,CL,2021-07-13 20:44:32,-41.0082,-73.1244,49.6,80,23,0.89
305,Batamshinskiy,KZ,2021-07-13 20:41:18,50.5594,58.2747,58.98,61,45,8.08
306,Provideniya,RU,2021-07-13 20:44:32,64.3833,-173.3,44.71,81,44,8.95
307,Bereda,ES,2021-07-13 20:44:32,43.2686,-7.5406,58.91,96,68,3.42
308,San Vicente De Canete,PE,2021-07-13 20:44:33,-13.0751,-76.3835,65.3,79,68,7.63
309,Oulu,FI,2021-07-13 20:44:33,65.0124,25.4682,68.11,87,0,3.44
310,Doha,QA,2021-07-13 20:44:34,25.2867,51.5333,93.51,84,27,5.75
311,Panjab,AF,2021-07-13 20:44:34,34.388,67.0233,55.44,45,0,2.86
312,Tuatapere,NZ,2021-07-13 20:44:34,-46.1333,167.6833,40.42,87,100,7.72
313,Oranjemund,NA,2021-07-13 20:44:35,-28.55,16.4333,52.05,69,0,16.44
314,Severnyy,RU,2021-07-13 20:44:35,50.677,36.5532,73.44,46,0,2.24
315,Rayong,TH,2021-07-13 20:44:36,12.8333,101.4333,83.79,99,100,1.92
316,Nara,JP,2021-07-13 20:44:36,34.6851,135.8049,77.5,94,12,1.48
317,Taltal,CL,2021-07-13 20:44:36,-25.4,-70.4833,60.66,78,22,7.81
318,Beaverlodge,CA,2021-07-13 20:44:37,55.2166,-119.4361,79.95,24,54,3.15
319,Tayzhina,RU,2021-07-13 20:44:37,53.6679,87.4362,57.07,93,64,3.58
320,Union,US,2021-07-13 20:44:38,40.6334,-74.2663,79.5,87,90,6.91
321,Kjopsvik,NO,2021-07-13 20:44:38,68.097,16.3742,56.17,93,100,3.74
322,Srednekolymsk,RU,2021-07-13 20:44:38,67.45,153.6833,50.45,65,31,5.73
323,Pangody,RU,2021-07-13 20:44:39,65.85,74.4859,38.84,73,19,8.68
324,Villeneuve-Sur-Lot,FR,2021-07-13 20:44:39,44.5,0.6667,62.55,90,86,14.32
325,Glenwood Springs,US,2021-07-13 20:44:40,39.5505,-107.3248,92.32,43,40,5.75
326,Algeciras,ES,2021-07-13 20:44:40,36.1333,-5.4505,73.08,53,0,4.61
327,Lewistown,US,2021-07-13 20:43:01,40.5992,-77.5714,91.9,58,20,5.75
328,Storm Lake,US,2021-07-13 20:44:41,42.6411,-95.2097,79.14,88,1,5.75
329,Port Hedland,AU,2021-07-13 20:44:41,-20.3167,118.5667,68.05,100,31,5.75
330,Saskylakh,RU,2021-07-13 20:42:49,71.9167,114.0833,44.64,64,100,14.52
331,Ambilobe,MG,2021-07-13 20:44:42,-13.2,49.05,65.59,77,4,4.18
332,Walvis Bay,NA,2021-07-13 20:42:16,-22.9575,14.5053,55.09,54,0,10.36
333,Chabahar,IR,2021-07-13 20:44:42,25.2919,60.643,84.97,79,82,8.08
334,Seoul,KR,2021-07-13 20:42:12,37.5683,126.9778,76.6,94,0,6.91
335,Homer,US,2021-07-13 20:44:43,59.6425,-151.5483,55.78,91,75,6.91
336,Aklavik,CA,2021-07-13 20:42:17,68.2191,-135.0107,66.92,59,100,18.63
337,Turkan,AZ,2021-07-13 20:44:43,40.3639,50.215,73.58,78,0,9.22
338,Calama,CL,2021-07-13 20:44:44,-22.4667,-68.9333,70.29,18,75,10.36
339,Novomyrhorod,UA,2021-07-13 20:44:44,48.7811,31.642,70.41,79,0,7.27
340,Pilar,BR,2021-07-13 20:44:44,-9.5972,-35.9567,76.93,88,2,4.12
341,Iquitos,PE,2021-07-13 20:44:45,-3.7481,-73.2472,87.84,62,40,3.44
342,Vila Velha,BR,2021-07-13 20:44:03,-20.3297,-40.2925,78.96,71,40,4.61
343,Alice Springs,AU,2021-07-13 20:44:45,-23.7,133.8833,67.55,24,40,16.11
344,Moyale,KE,2021-07-13 20:44:46,3.5167,39.0584,68.41,73,100,10.58
345,Zaoyang,CN,2021-07-13 20:44:46,32.1272,112.7542,79.66,81,31,9.84
346,Urumqi,CN,2021-07-13 20:44:47,43.801,87.6005,76.15,36,0,4.47
347,Patan,NP,2021-07-13 20:44:47,27.6667,85.3333,70.18,100,75,2.3
348,Margate,GB,2021-07-13 20:44:22,51.3813,1.3862,65.97,83,100,1.99
349,Nha Trang,VN,2021-07-13 20:44:48,12.25,109.1833,77.0,88,100,4.99
350,Bethel,US,2021-07-13 20:43:45,41.3712,-73.414,73.92,89,90,5.75
351,Wilkie,CA,2021-07-13 20:44:48,52.4168,-108.7014,77.38,33,58,3.96
352,Misratah,LY,2021-07-13 20:44:49,32.3754,15.0925,81.19,65,0,14.29
353,Belmonte,BR,2021-07-13 20:44:49,-15.8631,-38.8828,73.9,82,0,7.11
354,Chiredzi,ZW,2021-07-13 20:44:50,-21.05,31.6667,65.84,34,30,4.52
355,Alofi,NU,2021-07-13 20:44:50,-19.0595,-169.9187,76.89,83,40,9.22
356,Kropotkin,RU,2021-07-13 20:44:50,45.4375,40.5756,72.18,37,1,9.55
357,Punta Alta,AR,2021-07-13 20:44:51,-38.8759,-62.0736,49.84,49,0,5.97
358,Newport,GB,2021-07-13 20:42:04,51.5877,-2.9984,66.85,89,17,5.82
359,Puerto Escondido,MX,2021-07-13 20:44:51,15.85,-97.0667,85.03,65,90,3.44
360,Palmer,US,2021-07-13 20:44:09,42.1584,-72.3287,72.48,85,90,6.91
361,Muncar,ID,2021-07-13 20:44:52,-8.4333,114.3333,75.81,75,92,5.75
362,Bontang,ID,2021-07-13 20:44:52,0.1333,117.5,75.85,90,70,5.93
363,Bac Lieu,VN,2021-07-13 20:43:59,9.285,105.7244,79.41,82,100,4.21
364,Khani,GE,2021-07-13 20:44:53,41.9563,42.9566,60.37,97,92,1.95
365,Nome,US,2021-07-13 20:43:09,64.5011,-165.4064,54.16,82,90,8.05
366,Nanortalik,GL,2021-07-13 20:44:53,60.1432,-45.2371,45.1,82,43,3.53
367,Bambous Virieux,MU,2021-07-13 20:44:11,-20.3428,57.7575,70.05,64,40,11.5
368,Solnechnyy,RU,2021-07-13 20:44:54,50.7214,136.6319,75.69,82,100,4.07
369,Ouargaye,BF,2021-07-13 20:44:54,11.5033,0.0572,79.3,68,93,10.27
370,Batagay-Alyta,RU,2021-07-13 20:44:54,67.8006,130.4114,62.04,50,75,3.85
371,Oranjestad,AW,2021-07-13 20:43:30,12.524,-70.027,87.75,62,20,25.32
372,Kirensk,RU,2021-07-13 20:44:55,57.7853,108.1119,60.13,70,100,4.25
373,Belyy Yar,RU,2021-07-13 20:44:55,53.6039,91.3903,60.69,88,0,2.24
374,Burladingen,DE,2021-07-13 20:44:55,48.2833,9.1167,54.93,90,40,4.27
375,Gairo,IT,2021-07-13 20:44:56,39.8497,9.5047,65.41,55,0,7.2
376,Yongan,CN,2021-07-13 20:44:56,39.6957,113.6871,67.95,72,0,2.15
377,Ahlat,TR,2021-07-13 20:44:56,38.7518,42.4814,64.78,62,0,6.08
378,Le Marin,MQ,2021-07-13 20:44:57,14.4721,-60.8697,85.98,65,20,16.11
379,Chibuto,MZ,2021-07-13 20:44:57,-24.6867,33.5306,66.79,67,16,15.77
380,Leshukonskoye,RU,2021-07-13 20:44:58,64.8989,45.7622,62.58,65,66,3.58
381,Kusti,SD,2021-07-13 20:44:58,13.1629,32.6635,83.98,57,97,17.4
382,Urusha,RU,2021-07-13 20:44:58,54.05,122.9,56.48,85,99,4.38
383,Abonnema,NG,2021-07-13 20:44:59,4.7084,6.7931,75.97,88,100,4.9
384,Neuquen,AR,2021-07-13 20:40:15,-38.9516,-68.0591,57.09,35,0,1.14
385,Liuzhou,CN,2021-07-13 20:44:59,24.3126,109.3892,77.99,86,90,6.15
386,Jalu,LY,2021-07-13 20:45:00,29.0331,21.5482,87.71,32,0,15.21
387,Ahuimanu,US,2021-07-13 20:45:00,21.4447,-157.8378,83.91,65,75,9.22
388,Swift Current,CA,2021-07-13 20:45:00,50.2834,-107.8014,79.61,34,75,3.44
389,Ambon,ID,2021-07-13 20:45:01,-3.6954,128.1814,75.34,100,40,4.61
390,Tomohon,ID,2021-07-13 20:45:01,1.3346,124.8392,67.14,92,95,1.1
391,Rincon,US,2021-07-13 20:43:42,32.296,-81.2354,85.96,70,75,6.91
392,Luanda,AO,2021-07-13 20:41:23,-8.8368,13.2343,71.6,88,20,5.75
393,Korla,CN,2021-07-13 20:45:03,41.7597,86.1469,75.25,46,89,5.28
394,Katherine,AU,2021-07-13 20:45:03,-14.4667,132.2667,55.72,71,47,5.75
395,Gazojak,TM,2021-07-13 20:45:03,41.1875,61.4036,74.89,35,3,13.51
396,Lagos,NG,2021-07-13 20:42:03,6.5833,3.75,80.92,83,100,7.27
397,Phuthaditjhaba,ZA,2021-07-13 20:45:04,-28.5242,28.8158,34.79,64,19,3.94
398,Abu Zabad,SD,2021-07-13 20:45:04,12.35,29.25,78.76,66,100,8.88
399,Constitucion,CL,2021-07-13 20:45:05,-35.3333,-72.4167,52.29,69,0,5.93
400,Sao Joao Da Barra,BR,2021-07-13 20:45:05,-21.6403,-41.0511,75.29,85,0,9.69
401,Vuktyl,RU,2021-07-13 20:45:06,63.8567,57.3094,46.85,60,11,1.59
402,Olafsvik,IS,2021-07-13 20:45:06,64.8945,-23.7142,49.93,87,90,23.26
403,Vilyuysk,RU,2021-07-13 20:45:06,63.7553,121.6247,63.66,69,29,6.02
404,Manta,EC,2021-07-13 20:45:07,-0.95,-80.7333,77.14,71,65,14.36
405,Alta Floresta,BR,2021-07-13 20:45:07,-9.8756,-56.0861,94.82,29,0,5.75
406,Egvekinot,RU,2021-07-13 20:44:53,66.3167,-179.1667,59.27,61,69,3.78
407,Matara,LK,2021-07-13 20:45:08,5.9485,80.5353,78.21,89,100,11.48
408,Fez,MA,2021-07-13 20:45:06,34.0372,-4.9998,75.45,43,0,8.05
409,Levelland,US,2021-07-13 20:45:08,33.5873,-102.378,88.2,32,0,14.65
410,Henties Bay,NA,2021-07-13 20:45:09,-22.116,14.2845,54.86,84,0,9.1
411,Auki,SB,2021-07-13 20:45:09,-8.7676,160.7034,79.56,83,17,3.6
412,Tura,IN,2021-07-13 20:45:09,25.5198,90.2201,73.72,97,100,5.08
413,Thinadhoo,MV,2021-07-13 20:44:41,0.5333,72.9333,81.81,71,91,1.28
414,Hambantota,LK,2021-07-13 20:45:10,6.1241,81.1185,79.99,78,100,20.62
415,Mackenzie,CA,2021-07-13 20:45:10,55.2999,-123.1698,79.02,41,1,8.05
416,Kikwit,CD,2021-07-13 20:45:11,-5.041,18.8162,71.71,23,0,1.59
417,Poum,NC,2021-07-13 20:45:11,-20.2333,164.0167,69.51,70,57,12.75
418,Salalah,OM,2021-07-13 20:45:12,17.0151,54.0924,82.49,83,90,3.44
419,Baherden,TM,2021-07-13 20:45:12,38.4362,57.4316,86.92,25,0,3.24
420,Ayan,RU,2021-07-13 20:45:13,56.45,138.1667,54.95,96,99,4.94
421,Batie,BF,2021-07-13 20:45:13,9.8833,-2.9167,74.21,84,98,4.81
422,Shirokiy,RU,2021-07-13 20:45:13,49.758,129.523,70.29,98,100,1.05
423,Maumere,ID,2021-07-13 20:45:14,-8.6199,122.2111,78.24,70,74,12.5
424,Turukhansk,RU,2021-07-13 20:45:14,65.8167,87.9833,35.19,78,52,8.55
425,Vagur,FO,2021-07-13 20:45:15,61.4732,-6.8119,52.34,89,100,12.35
426,Alibag,IN,2021-07-13 20:45:15,18.6411,72.8792,78.87,95,100,13.69
427,Touros,BR,2021-07-13 20:44:35,-5.1989,-35.4608,81.5,76,27,14.88
428,Ngunguru,NZ,2021-07-13 20:45:16,-35.6167,174.5,44.17,75,6,6.51
429,Senneterre,CA,2021-07-13 20:45:16,48.3835,-77.2328,80.82,58,99,7.65
430,Gwadar,PK,2021-07-13 20:45:17,25.1216,62.3254,84.9,81,100,2.39
431,Port-Cartier,CA,2021-07-13 20:45:17,50.0334,-66.8654,73.62,49,3,8.52
432,Sumbe,AO,2021-07-13 20:45:17,-11.2061,13.8437,69.46,86,91,3.53
433,Narsaq,GL,2021-07-13 20:45:18,60.9167,-46.05,59.22,73,47,3.4
434,Karratha,AU,2021-07-13 20:45:18,-20.7377,116.8463,69.19,65,62,8.16
435,Chikwawa,MW,2021-07-13 20:45:19,-16.0335,34.8009,69.22,69,90,0.89
436,Uniontown,US,2021-07-13 20:40:28,39.9001,-79.7164,89.91,41,13,1.99
437,Shangqiu,CN,2021-07-13 20:45:19,34.45,115.65,79.81,87,29,9.44
438,Apache Junction,US,2021-07-13 20:43:43,33.4151,-111.5496,106.63,25,40,7.0
439,Erdenet,MN,2021-07-13 20:45:20,49.0333,104.0833,47.84,94,86,4.81
440,Moranbah,AU,2021-07-13 20:45:20,-22.0016,148.0466,59.2,94,81,7.85
441,Ust-Maya,RU,2021-07-13 20:45:20,60.4167,134.5333,60.08,73,98,2.77
442,Vestmannaeyjar,IS,2021-07-13 20:43:06,63.4427,-20.2734,51.62,88,95,14.92
443,Mlonggo,ID,2021-07-13 20:45:21,-6.5333,110.7,76.55,76,82,13.22
444,Teluknaga,ID,2021-07-13 20:45:21,-6.0989,106.6381,80.64,83,20,8.01
445,Krasnoselkup,RU,2021-07-13 20:45:22,65.7,82.4667,37.17,74,100,9.37
446,Safakulevo,RU,2021-07-13 20:45:22,54.9901,62.5442,47.28,72,6,9.93
447,Jacareacanga,BR,2021-07-13 20:45:22,-6.2222,-57.7528,91.54,39,23,0.36
448,Kovdor,RU,2021-07-13 20:45:23,67.5662,30.4758,61.27,75,100,5.3
449,Ahipara,NZ,2021-07-13 20:43:13,-35.1667,173.1667,51.55,73,6,7.67
450,Havelock,US,2021-07-13 20:45:23,34.8791,-76.9013,88.03,78,75,8.01
451,Teya,RU,2021-07-13 20:45:24,60.3778,92.6267,48.85,74,7,3.24
452,Brighton,GB,2021-07-13 20:45:00,50.8284,-0.1395,66.61,73,45,1.01
453,Sobolevo,RU,2021-07-13 20:45:24,54.4299,31.8996,75.61,62,100,3.91
454,Inirida,CO,2021-07-13 20:45:25,3.8653,-67.9239,79.07,93,46,3.29
455,Sao Jose Da Coroa Grande,BR,2021-07-13 20:45:25,-8.8978,-35.1478,75.67,80,34,8.66
456,Da Lat,VN,2021-07-13 20:45:26,11.9465,108.4419,60.26,98,100,1.03
457,Tilichiki,RU,2021-07-13 20:44:28,60.4667,166.1,56.28,87,100,3.74
458,Khandyga,RU,2021-07-13 20:45:26,62.6667,135.6,62.37,62,0,3.67
459,Tsiroanomandidy,MG,2021-07-13 20:45:27,-18.7667,46.0333,57.61,70,1,2.46
460,Pochutla,MX,2021-07-13 20:45:27,15.7432,-96.4661,89.82,71,98,5.55
461,Zyryanka,RU,2021-07-13 20:45:28,65.75,150.85,58.03,66,25,8.9
462,Bojnurd,IR,2021-07-13 20:45:28,37.4747,57.329,76.95,50,0,13.8
463,Tavricheskoye,RU,2021-07-13 20:45:28,54.5851,73.6395,53.51,94,100,10.8
464,Moose Factory,CA,2021-07-13 20:45:29,51.2585,-80.6094,86.0,42,20,6.91
465,Benjamin Constant,BR,2021-07-13 20:45:29,-4.3831,-70.0311,86.13,70,20,3.44
466,Golden,US,2021-07-13 20:43:35,39.7555,-105.2211,87.21,48,40,3.0
467,Dillon,US,2021-07-13 20:45:30,34.4166,-79.3712,90.48,58,91,6.69
468,Inhambane,MZ,2021-07-13 20:45:30,-23.865,35.3833,71.44,78,48,14.56
469,Champerico,GT,2021-07-13 20:45:31,14.3,-91.9167,90.14,69,98,8.93
470,Sibolga,ID,2021-07-13 20:45:31,1.7427,98.7792,75.16,86,100,4.07
471,Lavrentiya,RU,2021-07-13 20:45:31,65.5833,-171.0,46.65,86,90,6.55
472,Colac,AU,2021-07-13 20:45:32,-38.3333,143.5833,48.16,94,100,10.45
473,Riyadh,SA,2021-07-13 20:42:22,24.6877,46.7219,96.94,13,65,7.76
474,Mayo,US,2021-07-13 20:45:32,38.8876,-76.5119,96.75,62,1,3.0
475,Besancon,FR,2021-07-13 20:45:33,47.2488,6.0182,60.17,100,38,4.45
476,Bathsheba,BB,2021-07-13 20:45:33,13.2167,-59.5167,84.81,70,40,20.71
477,Coquimbo,CL,2021-07-13 20:45:34,-29.9533,-71.3436,58.73,72,20,12.66
478,Ucluelet,CA,2021-07-13 20:42:07,48.9329,-125.5528,86.04,86,10,1.01
479,Pasni,PK,2021-07-13 20:44:22,25.2631,63.471,85.57,77,100,8.14
480,Porto Santo,PT,2021-07-13 20:45:34,33.072,-16.3415,69.71,73,75,10.36
481,Jilib,SO,2021-07-13 20:45:35,0.4883,42.7854,74.28,88,38,8.37
482,Half Moon Bay,US,2021-07-13 20:45:06,37.4636,-122.4286,83.05,68,20,1.01
483,Izumo,JP,2021-07-13 20:45:35,35.3667,132.7667,73.35,87,3,4.18
484,Kirakira,SB,2021-07-13 20:45:36,-10.4544,161.9205,80.82,84,80,11.21
485,Preobrazheniye,RU,2021-07-13 20:45:36,42.9019,133.9064,65.93,93,54,0.47
486,San Luis,AR,2021-07-13 20:45:36,-33.295,-66.3356,57.43,50,34,16.28
487,Miri,MY,2021-07-13 20:45:37,4.4148,114.0089,75.34,100,40,1.14
488,Mama,RU,2021-07-13 20:45:37,58.3106,112.8986,61.65,70,100,3.85
489,Kysyl-Syr,RU,2021-07-13 20:45:38,63.8986,122.7617,65.34,65,50,6.8
490,Isla Mujeres,MX,2021-07-13 20:45:38,21.2311,-86.731,89.17,70,38,11.48
491,Wewak,PG,2021-07-13 20:45:39,-3.5534,143.6268,77.29,89,93,6.42
492,Laguna,US,2021-07-13 20:45:39,38.421,-121.4238,104.25,42,1,8.05
493,Miandrivazo,MG,2021-07-13 20:45:40,-19.5167,45.4667,69.06,58,5,0.81
494,Oriximina,BR,2021-07-13 20:45:40,-1.7656,-55.8661,86.05,60,22,4.05
495,Dzhalil,RU,2021-07-13 20:45:40,55.0239,52.7358,55.24,57,0,2.57
496,Muli,MV,2021-07-13 20:45:41,2.9167,73.5667,81.37,79,45,8.7
497,Touho,NC,2021-07-13 20:45:41,-20.7833,165.2333,67.01,71,16,13.09
498,Alappuzha,IN,2021-07-13 20:45:41,9.49,76.3264,78.53,85,89,9.62
499,Caceres,ES,2021-07-13 20:45:42,39.522,-6.3748,73.62,27,12,7.25
500,Panacan,PH,2021-07-13 20:45:42,9.2463,118.4082,79.83,81,95,1.97
501,Ikom,NG,2021-07-13 20:45:43,5.9667,8.7063,73.09,97,100,2.17
502,Udesti,RO,2021-07-13 20:45:43,47.5667,26.4167,76.08,73,0,6.91
503,Burns Lake,CA,2021-07-13 20:45:43,54.2331,-125.7533,78.22,23,30,7.25
504,Taupo,NZ,2021-07-13 20:45:44,-38.6833,176.0833,39.34,72,2,1.74
505,Wolow,PL,2021-07-13 20:45:44,51.3366,16.6443,78.19,83,64,11.61
506,Maniitsoq,GL,2021-07-13 20:45:45,65.4167,-52.9,44.56,87,100,18.12
507,Along,IN,2021-07-13 20:45:45,28.1667,94.7667,73.76,99,100,0.85
508,Tarnobrzeg,PL,2021-07-13 20:45:46,50.573,21.6794,76.84,64,0,7.65
509,Cap Malheureux,MU,2021-07-13 20:45:46,-19.9842,57.6142,70.29,68,11,1.99
510,Xinmin,CN,2021-07-13 20:45:46,41.9908,122.8253,77.25,97,100,15.12
511,Pemangkat,ID,2021-07-13 20:45:47,1.1667,108.9667,77.54,87,100,22.12
512,Lyngseidet,NO,2021-07-13 20:45:47,69.5763,20.2189,51.89,93,100,3.85
513,Barra,BR,2021-07-13 20:45:47,-11.0894,-43.1417,79.95,40,0,6.69
514,Dandong,CN,2021-07-13 20:45:48,40.1292,124.3947,75.16,92,100,19.24
515,Crixas,BR,2021-07-13 20:45:48,-14.5489,-49.9692,80.64,25,0,5.32
516,Lewisville,US,2021-07-13 20:44:41,33.0462,-96.9942,96.62,44,40,5.01
517,La Canada,MX,2021-07-13 20:45:49,20.6167,-100.3167,66.18,59,99,10.92
518,Nicoya,CR,2021-07-13 20:40:55,10.1483,-85.452,87.35,74,59,3.51
519,Ratnagiri,IN,2021-07-13 20:45:49,16.9833,73.3,80.02,81,100,15.57
520,Yumen,CN,2021-07-13 20:45:50,40.2833,97.2,71.22,48,95,2.57
521,Lahad Datu,MY,2021-07-13 20:45:50,5.0268,118.327,75.34,90,84,3.31
522,Chapais,CA,2021-07-13 20:44:15,49.7834,-74.8492,82.18,33,74,11.07
523,Pisco,PE,2021-07-13 20:45:51,-13.7,-76.2167,69.85,68,13,16.11
524,Labuan,MY,2021-07-13 20:45:51,5.2767,115.2417,77.11,100,20,0.0
525,Tabuk,PH,2021-07-13 20:45:51,17.4189,121.4443,73.56,92,100,2.28
526,Port Blair,IN,2021-07-13 20:45:52,11.6667,92.75,80.78,86,98,9.13
527,Dryden,CA,2021-07-13 20:45:52,49.7833,-92.7503,77.29,44,40,10.36
528,Salym,RU,2021-07-13 20:45:53,60.0625,71.4789,49.66,61,100,12.93
529,Dingle,PH,2021-07-13 20:45:53,10.9995,122.6711,77.45,87,100,0.63
530,Praia,CV,2021-07-13 20:44:46,14.9215,-23.5087,77.54,69,40,11.5
531,Mogilno,PL,2021-07-13 20:45:54,52.6581,17.9558,74.01,75,0,7.78
532,Kerema,PG,2021-07-13 20:45:54,-7.9631,145.7785,77.13,88,53,4.05
533,Flinders,AU,2021-07-13 20:45:54,-34.5833,150.8552,56.48,76,100,1.01
534,Athy,IE,2021-07-13 20:42:08,52.9914,-6.9803,63.27,83,39,5.1
535,Fairbanks,US,2021-07-13 20:45:55,64.8378,-147.7164,76.6,47,1,4.61
536,Severo-Yeniseyskiy,RU,2021-07-13 20:45:55,60.3725,93.0408,46.45,70,11,3.11
537,Puerto Narino,CO,2021-07-13 20:45:56,-3.7703,-70.3831,85.95,80,36,1.66
538,Kupang,ID,2021-07-13 20:45:56,-10.1667,123.5833,72.73,82,14,9.06
539,Petrivka,UA,2021-07-13 20:45:56,46.9695,30.9591,73.85,70,11,5.68
540,Melfort,CA,2021-07-13 20:45:57,52.8667,-104.6177,75.33,35,100,9.22
541,Pokhara,NP,2021-07-13 20:45:57,28.2333,83.9833,71.56,92,100,3.24
542,Elizabeth City,US,2021-07-13 20:45:57,36.2946,-76.2511,93.25,66,1,3.0
543,Kedrovyy,RU,2021-07-13 20:45:58,56.1667,91.8167,59.41,88,58,3.18
544,Novo Aripuana,BR,2021-07-13 20:45:58,-5.1206,-60.3797,87.22,56,73,2.17
545,Ridgecrest,US,2021-07-13 20:41:58,35.6225,-117.6709,102.42,20,75,7.0
546,Nowa Sol,PL,2021-07-13 20:45:59,51.8033,15.717,77.05,64,42,9.55
547,Shiraoi,JP,2021-07-13 20:45:59,42.55,141.35,64.76,93,36,2.42
548,Zhigansk,RU,2021-07-13 20:46:00,66.7697,123.3711,58.17,87,100,8.05
549,Te Anau,NZ,2021-07-13 20:46:00,-45.4167,167.7167,41.29,87,100,7.16
550,Outlook,CA,2021-07-13 20:46:00,51.5001,-107.0513,83.89,35,14,6.55
551,Kuytun,RU,2021-07-13 20:46:01,54.3419,101.5036,56.84,78,94,4.72
552,Vozrozhdeniye,RU,2021-07-13 20:46:01,44.5503,38.2136,67.24,75,26,7.38
553,Emirdag,TR,2021-07-13 20:46:02,39.0197,31.15,68.86,60,0,3.24
554,Verkhnyaya Inta,RU,2021-07-13 20:46:02,65.9811,60.3094,44.67,70,14,7.16
555,Portobelo,PA,2021-07-13 20:46:02,9.55,-79.65,86.41,83,99,6.38
556,Kutum,SD,2021-07-13 20:46:03,14.2,24.6667,75.24,62,100,15.35
557,Menongue,AO,2021-07-13 20:46:03,-14.6585,17.691,53.01,43,32,3.96
558,Biltine,TD,2021-07-13 20:46:04,14.5333,20.9167,87.53,46,100,9.06
559,Tipuani,BO,2021-07-13 20:46:04,-15.5648,-68.0185,83.35,51,34,4.12
560,Esperance,AU,2021-07-13 20:46:04,-33.8667,121.9,55.24,72,14,26.64
561,Norsup,VU,2021-07-13 20:46:05,-16.0667,167.3833,78.46,82,60,12.55
562,Placido De Castro,BR,2021-07-13 20:46:06,-10.3353,-67.1856,94.03,29,33,2.59
563,Nagod,IN,2021-07-13 20:46:06,24.5667,80.6,88.63,51,65,5.91
564,Slantsy,RU,2021-07-13 20:46:07,59.1182,28.0914,66.92,95,99,1.03
565,Pa Sang,TH,2021-07-13 20:46:07,18.5262,98.9394,77.2,91,44,1.14
566,Concepcion Del Uruguay,AR,2021-07-13 20:46:07,-32.4825,-58.2372,58.98,92,100,4.0
567,Hay River,CA,2021-07-13 20:46:08,60.8156,-115.7999,78.78,36,40,10.36
568,Rio Brilhante,BR,2021-07-13 20:46:08,-21.8019,-54.5464,79.14,25,9,5.64
569,Orcopampa,PE,2021-07-13 20:46:08,-15.2661,-72.3417,56.25,31,46,7.49
570,Kahului,US,2021-07-13 20:46:09,20.8947,-156.47,84.22,67,20,18.41
